img_url,s1,s2,s3,s4,s5
https://vision.cs.uiuc.edu/pascal-sentences/pottedplant/2008_000196.jpg, A calico cat seated on the doorstep surrounded by bikes and junk., A cat is sitting in between two bikes., Calico cat sitting on step in front of a door., Multi colored cat sitting on a step between two bicycles., The cat is sitting between two bicycles in front of a door.
https://vision.cs.uiuc.edu/pascal-sentences/pottedplant/2008_000275.jpg, A line outside of a bookstore on a street., A woman with a baby stroller and others at a bookstore., Group of people walking into a book store., People stand outside a bookstore., Several people gather outside of a schoolbook store.
https://vision.cs.uiuc.edu/pascal-sentences/pottedplant/2008_000491.jpg, a close up of a small cactus in a pot , A close-up of three terra cotta pots with cacti growing in them., A line of potted cactus plants., A row of three potted cactus., The trio of cactus take in some sun.
https://vision.cs.uiuc.edu/pascal-sentences/pottedplant/2008_000564.jpg, a girl and three tents are outside a house with a flag , A girl walking across a lawn with three tents and a flagpole.," A yard with three tents, a young girl and a flower planter.", A young girl stands in front of three tents in a yard., Several tents set up on grass in backyard.
https://vision.cs.uiuc.edu/pascal-sentences/pottedplant/2008_000960.jpg, Two blue macaws sit on a perch in a lush green garden., Two brightly colored parrots sitting on a fence., Two colorful birds sitting on a tree branch., two macaws sitting on a branch , Two parrots 
https://vision.cs.uiuc.edu/pascal-sentences/pottedplant/2008_001078.jpg, A black and white cat gets into a basket of yarn., A black and white cat is pawing at a pile of yarn on the floor., A black and white cat playing with a blanket., A black and white cat playing with a wool basket., A black cat with white paws in a cluttered room.
https://vision.cs.uiuc.edu/pascal-sentences/pottedplant/2008_001460.jpg, An indoor plant in a yellow pot by a window., A potted plant getting light from a window., A potted plant in sunlight from a window., A yellow plant pot with a green and white leafed plant., There is a green plant in a white pot sitting on a brown table.
https://vision.cs.uiuc.edu/pascal-sentences/pottedplant/2008_001541.jpg, A small street in an urban area., Long alleyway with several cars parked on the side., Two cars are parked along a row of white buildings., Two red cars on a deserted street.," Two red cars, one of them a Mini Cooper, park on a quiet side street."
https://vision.cs.uiuc.edu/pascal-sentences/pottedplant/2008_001784.jpg, A bride and groom along with other family members in a church., A bride and groom pose with their family., A wedding of a man and woman with their parents and siblings in a church., Wedding photo of bride and groom with several other people., Wedding photo on the alter.
https://vision.cs.uiuc.edu/pascal-sentences/pottedplant/2008_001862.jpg, A black dog approaches the potted plants in the foreground., A large dog standing behind a series of empty plant pots., A table with bowls and plants., Dog starring at potted plants , The curious dog looks to do some damage to the pots.
https://vision.cs.uiuc.edu/pascal-sentences/pottedplant/2008_001966.jpg, A bird perched on a flowerpot., A brown bird sits upon a clay pot amongst some flowers., A close-up of a bird perched on a terra cotta flower pot., Bird perched on a flowerpot beside a stucco wall., The bird protects its new nest in the pot.
https://vision.cs.uiuc.edu/pascal-sentences/pottedplant/2008_002026.jpg," A beige living room has a chair, lamp, table, and other furniture.", A chair has a throw pillow on it , A comfortable looking sitting room with a lamp turned on.," A living room with table, chair and sofa alongside a large palm.", A room decorated with furniture and potted plants.
https://vision.cs.uiuc.edu/pascal-sentences/pottedplant/2008_002653.jpg," A little, dark-haired girl in a blue dress and boots sits on a concrete pedestal surrounded by plants and flowers.", An Asian toddler girl sits next to a pot of flowers on a marble post., A small child sits on a cement wall near white flower., A small girl sits on a stone ledge near a white flowering plant., The girl is wearing a blue dress and is very young.
https://vision.cs.uiuc.edu/pascal-sentences/pottedplant/2008_002882.jpg, A man woman and teenage boy pose together inside.," A women, man and a boy smiling while looking at the camera."," A younger brother, sister and older brother in their home.", Photo of three young adults standing in a room., Three people posing in front of a window.
https://vision.cs.uiuc.edu/pascal-sentences/pottedplant/2008_002897.jpg, A man in a black hat is sitting on a chair on a patio playing guitar., A man playing the guitar is seated in the patio., A man sitting in a back yard playing the guitar., A musician sits on his patio playing his guitar., Man playing guitar while sitting down.
https://vision.cs.uiuc.edu/pascal-sentences/pottedplant/2008_003144.jpg, A group of people stand by a body of water looking at a building., A man with a small child and two other people looking at the water., Feet standing on a pretty day with large building in background., People await the next boat ride on the lake., Several people standing at handling of small lake.
https://vision.cs.uiuc.edu/pascal-sentences/pottedplant/2008_003665.jpg, A black dog , A black dog laying on the grass next to a wooden structure., A black dog lies on the grass., A black dog sitting outside., The black dog is lying in the grass.
https://vision.cs.uiuc.edu/pascal-sentences/pottedplant/2008_003689.jpg, A girl sitting in a living chair., A girl with a backpack sits in a flower-pattered armchair in an office area., An Asian woman sitting in a waiting area in an office., A women sitting on a chair in a lobby area., Young woman in glasses sitting.
https://vision.cs.uiuc.edu/pascal-sentences/pottedplant/2008_004171.jpg, A close-up of a plant in a terra cotta plant pot., A lively looking green plant in a pot., A potted plant is sitting on cement next to the grass., Gree plant in red clay pot., Some seedlings planted in a plant pot with grass behind.
https://vision.cs.uiuc.edu/pascal-sentences/pottedplant/2008_004380.jpg, A black and white photo of four people playing scrabble., A family playing scrabble with an uncle around a kitchen table in black and white., Black and white picture of a family playing Scrabble around a table., This is a black and white photo of a family playing Scrabble., Three elderly people and a young boy play scrabble.
https://vision.cs.uiuc.edu/pascal-sentences/pottedplant/2008_004619.jpg, A loft with a black bookcase beneath it., An interior room with a shelf of books and decorative items below a loft area., An open plan living area with a mezzanine level., Black book shelf in a white room., This is someone's living room and second-floor inside balcony.
https://vision.cs.uiuc.edu/pascal-sentences/pottedplant/2008_004634.jpg, a wild garden with two potted flowers , Lush plants grow in terra cotta pots and directly out of the ground., There are several different colors of flowers and types of plants in this garden., There are two flowerpots in the middle of the planted flowers on the ground., Two potted plants are surrounded by a lovely green garden of varying plants and flowers.
https://vision.cs.uiuc.edu/pascal-sentences/pottedplant/2008_005111.jpg, a girl holding a black white dog with a blue dog chain , A women holds a small dog on a leash with chairs in the background., Cute redhead walking a puppy , The girl stands holding leash attached to a small dog., The small dog protects its owner.
https://vision.cs.uiuc.edu/pascal-sentences/pottedplant/2008_005214.jpg, A row of brightly colored plant pots under a blue sky., A row of potted plants on top of a railing., Collection of pots sitting on house ledge., Line of pots on top of a wall in front of a terracotta roof., There are a row of different looking flower pots on a fence ledge in front a house.
https://vision.cs.uiuc.edu/pascal-sentences/pottedplant/2008_005680.jpg, A comical preying mantis sits with other plants on the table., A costume of a venue fly trap is near flowers., A scene of a plant store containing a monster piranha plant.," Some plants, with a stuffed dinosaur head in the background.", The plant from Little Shop of Horrors threatens an actor playing Seymour 
https://vision.cs.uiuc.edu/pascal-sentences/pottedplant/2008_005874.jpg, A potted plant with only a few sprouting , Birds-eye view of a potted plant., Newly sprouted plants in a pot., Soil in a terracotta pot with green fertilizer pellets on top., Tiny green plants are growing in a terra cotta pot of dirt.
https://vision.cs.uiuc.edu/pascal-sentences/pottedplant/2008_005914.jpg, A small house with a broken door and windows., Rundown house with door falling down., The dilapidated house seems to have things growing out of it., the front of a small abandoned house , White abandoned house with overgrown vines.
https://vision.cs.uiuc.edu/pascal-sentences/pottedplant/2008_005954.jpg," A unique living room with tv, brown table, green and brown walls, and white chairs.", A very retro living room with a television in it., Modern room with TV in a round brown frame., Television encased in a wood frame in a lobby., There is a TV with a wooden oval frame in a modern room.
https://vision.cs.uiuc.edu/pascal-sentences/pottedplant/2008_006068.jpg, A black and white cat along with a purple African violet plant atop a windowsill., A black and white cat is lying on a windowsill with a cyclamen in a pot next to it., A black and white cat is sleeping next to a plant in the window., A cat sleeps on a window sill next to a flowering plant., Large black and white cat resting on a windowsill.
https://vision.cs.uiuc.edu/pascal-sentences/pottedplant/2008_006112.jpg, A small tree and a plant inside a pot., A small tree is blooming., There is a flowering bush., The shaded bush awaits the sunlight., The small tree has some flower blossoms.
https://vision.cs.uiuc.edu/pascal-sentences/pottedplant/2008_006337.jpg, A back porch in the rain., A patio with a chair is beside a tool shed., A small yard with plants and a green plastic chair., Hail stone-covered patio outside., There is a green chair on a deck along with some potted plants.
https://vision.cs.uiuc.edu/pascal-sentences/pottedplant/2008_006611.jpg, A boy pointing at another boy at the table., A boy points at the other boy sitting across the table from him., Two boys sit facing one another at a table and one points at the other., Two people sit facing each other at a table as one points at the other.," Two young people are sitting at a table next to a sliding glass door, with one person pointing at the other."
https://vision.cs.uiuc.edu/pascal-sentences/pottedplant/2008_006807.jpg, The two men are standing next to their bicycles in front of the building., Two men in bike riding clothing standing by their bikes., Two men in biking uniforms looking off into the distance , Two men stand with their bicycles outside a shop., Two men wearing bike helmets.
https://vision.cs.uiuc.edu/pascal-sentences/pottedplant/2008_007042.jpg, A plant growing in a pot., A plant sprouting., Small plant in dirt with a couple of new leaves., The green leaved plant is growing in the dirt., Two bamboo shoots grow in a turquoise bowl.
https://vision.cs.uiuc.edu/pascal-sentences/pottedplant/2008_007226.jpg, A potted plant with only two leaves sprouted., A seedling in a terracotta pot., A sprouting plant in a ceramic pot in front of a window., A tiny plant is growing in a terra cotta pot of dirt., New plant growth in red clay pot.
https://vision.cs.uiuc.edu/pascal-sentences/pottedplant/2008_007281.jpg, A man sits on the couch and uses his laptop in a living room., A man sitting in a cluttered room., An elderly man works on his laptop at home., Man with laptop computer sitting on a couch in a small room., Older gentleman sitting on couch with laptop.
https://vision.cs.uiuc.edu/pascal-sentences/pottedplant/2008_007390.jpg," A close-up of a house with yellow siding, shutters, and flowers.", A quaint yellow house with brown shutters and flowers all around., A small yellow and purple house., Colorful flowers grow in a beige bungalow's neatly kept yard., The yellow house has a beautiful garden.
https://vision.cs.uiuc.edu/pascal-sentences/pottedplant/2008_007461.jpg, A dog laying down., A furry dog lying on a glass table., A small brown dog., Small brown fluffy dog sitting on a glass surface.," Small, long-haired dog sitting on the glass table top."
https://vision.cs.uiuc.edu/pascal-sentences/pottedplant/2008_007525.jpg, A group of four people walking past a giant mushroom., A number of people in winter clothing walk among a pair of sculptures., Crowd of people walking past a giant mushroom., People under a giant mushroom., People walk at a theme park.
https://vision.cs.uiuc.edu/pascal-sentences/pottedplant/2008_007621.jpg, A brown and white dog poses near a fruit tree in a container pot., A brown and white dog stands and looks at the camera., A dog with large ears looks up at the camera while next to a small bush., the white and brown dog is excited to go on a walk in the sunshine , Young basset hound standing on patio looking at camera.
https://vision.cs.uiuc.edu/pascal-sentences/pottedplant/2008_007823.jpg, A close up of a potted plant., A large green plant stork sitting in a large ceramic pot., A plant grows inside a clay pot next to a Buddha figurine., The stem of a plant in a terracotta pot with a little Buddha shot from above., This is the green stem of a potted plant.
https://vision.cs.uiuc.edu/pascal-sentences/pottedplant/2008_007831.jpg, Assorted small potted plants labeled on shelves., A variety of desert plants , Cacti and other desert plants on a two shelves.," Several plants, mostly cacti, are lined up on two shelves.", Small plants arranged on a shelf with labels for each.
https://vision.cs.uiuc.edu/pascal-sentences/pottedplant/2008_007882.jpg, A happy man in a blue shirt is standing in front of a fountain.," A man in a blue shirt and tan pants is standing in front of a statue of a man, which is in a cobble stone paved plaza."," A man is standing in front of a raised statue,", A man poses in front of a large fountain with a statue on top., Man with blue shirt standing in front of a fountain.
https://vision.cs.uiuc.edu/pascal-sentences/pottedplant/2008_007990.jpg," Three dark haired young women in white, red and black sweaters.", Three females wearing sweaters line up in the living room., Three woman posing for a picture in a home ," Three women wearing white, red, and black are smiling at the camera in a living room.", Three young women standing in a room together.
https://vision.cs.uiuc.edu/pascal-sentences/pottedplant/2008_008024.jpg, Herbs grow in terra cotta plants on a balcony., There are two plants in on the window sill overlooking a silver car., Two potted plants are sitting on a windowbox outside the window with a car visible on the street below., Two potted plants outside a window., Two potted plants outside a window overlooking a grey car parked on the street.
https://vision.cs.uiuc.edu/pascal-sentences/pottedplant/2008_008237.jpg, A courtyard with a small pagoda in the center., A gazebo in front and other building with arched roofs behind., An artfully designed building., A pavilion with a man walking across it., The outside of a building with a small black gazebo in front.
https://vision.cs.uiuc.edu/pascal-sentences/pottedplant/2008_008330.jpg, Art items on a table., A women painting a chair with a dining room in the background., Someone is doing artwork and their are art supplies on the table., This person has a table full of crafting supplies at her disposal., Various art supplies on a table.
https://vision.cs.uiuc.edu/pascal-sentences/pottedplant/2008_008341.jpg, A metallic and ceramic dolphin sculpture in a mall., A mosaic glass sculpture of a whale sits in mall., A sculpture of a dolphin inside a building., A sculpture of a whale in an indoor area., Glass whale statue in lobby of a building.
https://vision.cs.uiuc.edu/pascal-sentences/pottedplant/2008_008402.jpg, A living with pink walls.," A room with pink walls, a kitchen table, pink couch, and other furniture.", Dining room of a house with a white dining room set on and a pink chair , Room with pink chair and pink wall paint., The room is decorated with pink walls and furniture.
https://vision.cs.uiuc.edu/pascal-sentences/pottedplant/2008_008641.jpg, A man in a striped shirt standing in front of a train in a large station., A man stands in front of a train., A man walking away from a shuttle., An old man with a train , The man is posing in front of a modern locomotive.
https://vision.cs.uiuc.edu/pascal-sentences/sheep/2008_000084.jpg, A lone sheep walking through the woods., A sheep in the morning mist with trees in the background., A sheep standing on a hill at sunset., a white sheep on the grass in front of trees , White sheep standing on grass in the morning.
https://vision.cs.uiuc.edu/pascal-sentences/sheep/2008_000099.jpg, A black and tan dog looks at a black sheep. , A black dog is staring at a sheep. , A black dog looking at a brown sheep in a pen., A large dog stands next to a sheep in a field., The dog is looking at the sheep. 
https://vision.cs.uiuc.edu/pascal-sentences/sheep/2008_000257.jpg, A large field containing a group of sheep with trees in the distance., Several sheep wander in a field., Sheep are grazing in a grassy field near a stand of trees., Sheep are grazing in the field in front of a line of trees., Sheep graze on the grass.
https://vision.cs.uiuc.edu/pascal-sentences/sheep/2008_000915.jpg, A sheep stands alone in an empty bus stop., A sheep stands in a glass enclosure near the side of a road., A sheep stands inside a clear glass bus stop area in the countryside.," In a rural area, a white goat trimmed in black stands in a bus shelter, apparently waiting.", The sheep is white and black and is at a bus stop.
https://vision.cs.uiuc.edu/pascal-sentences/sheep/2008_001601.jpg, A sheep , A sheep standing angst wild flowers and grasses., A white sheep standing on a field next to wild flowers , The white sheep is standing next to the plant., Two lambs stand on a grassy hill.
https://vision.cs.uiuc.edu/pascal-sentences/sheep/2008_002150.jpg, A blonde girl sits on the side of a mountain next to a sheep. , A girl in a pink sweatshirt sits on a mountain near a sheep. , A woman in the mountains being approached by a sheep , A woman looking at a sheep on top of a cliff., a woman sitting next to a white sheep on a green cliff 
https://vision.cs.uiuc.edu/pascal-sentences/sheep/2008_002343.jpg, A ewe standing guard over her two newborn lambs., A lamb stands near two tiny animals., A sheep standing near her children., A white lamb in a pin with her new born babies., The baby sheep are protected by their mother.
https://vision.cs.uiuc.edu/pascal-sentences/sheep/2008_002430.jpg, A dog chasing its prey through a field of grass , Sheep being herded by black and white dog., The dog is herding three sheep., Three goats are being rounded up by a dog., Three goats are chased by a dog.
https://vision.cs.uiuc.edu/pascal-sentences/sheep/2008_003147.jpg, A adult and two young sheep in a field , Adult sheep with 2 lambs are walking through the grass field., A sheep with two lambs in a green pasture., sheep standing in afield , Three sheep standing in a line in the green grass.
https://vision.cs.uiuc.edu/pascal-sentences/sheep/2008_004007.jpg, A baby white sheep in a wooden enclosure., A lamb smelling wood., A white lamb with its nose against a wooden box., Little white lamb with nose to wood., White lamb smelling wood.
https://vision.cs.uiuc.edu/pascal-sentences/sheep/2008_004292.jpg, A sheep beside a road and a lake., A sheep is on the edge of a road with a lake and a mountain in the background., A sheep stands on a roadside wall overlooking a large lake , Sheep standing on side of road in grass., Two long-haired goats on the road in front of a river and green hills.
https://vision.cs.uiuc.edu/pascal-sentences/sheep/2008_004453.jpg, The lamb is looking at the camera., There are several sheared sheep in a pen., This is an image of freshly sheared sheep., Three white sheep in an enclosure., White goats in a pen.
https://vision.cs.uiuc.edu/pascal-sentences/sheep/2008_004621.jpg, A little white lamb resting., A small lab lying down., A white kid lying on the ground., The baby lamb sits alone., This baby lamb's white coat contrasts well with the bare earth floor.
https://vision.cs.uiuc.edu/pascal-sentences/sheep/2008_004629.jpg, A domestic animal stands in a pen., A sheep standing on a table at auction., A tall animal is confined by blue metal fencing., White sheep in captivity., Woolly sheep at auction house.
https://vision.cs.uiuc.edu/pascal-sentences/sheep/2008_004854.jpg," A black sheep and a white sheep stand on grass, but the white one has blue earphones and an spot.", A white sheep wearing blue headphones with a black sheep behind., One white sheep and one black sheep listening to music with headphones., Sheep wearing a blue headset.," Two sheep in a field, one of them wearing headphones."
https://vision.cs.uiuc.edu/pascal-sentences/sheep/2008_005447.jpg, An old man with sheep in the background., an old shepherd in the mountains , A picture of a man with some sheep in the background., Older man wearing beret with mountains in background., Old man with sheep 
https://vision.cs.uiuc.edu/pascal-sentences/sheep/2008_005494.jpg, A boy feeding a sheep hay., A small boy feeds a large brown sheep in the stable., A small boy feeds hay to a sheep in a pen , Boy feeding a sheep , There is a young boy with a red and blue jacket on feeding a sheep. 
https://vision.cs.uiuc.edu/pascal-sentences/sheep/2008_005505.jpg, A large sheep standing on a hill., a sheep in the mountains , A sheep standing in a mountainous area., A sheep stands on a hillside., The sheep is standing on the hill in front of the trees.
https://vision.cs.uiuc.edu/pascal-sentences/sheep/2008_005635.jpg, A person covered from head to toe tending six sheep in the pasture., A woman is walking among sheep., A woman is walking through the grass tending to her animals., Person in grassy field tending to sheep., The shaped looks over her flock.
https://vision.cs.uiuc.edu/pascal-sentences/sheep/2008_005736.jpg, Animals stand near plants and a wire fence., One black and two white lambs graze near a fence., One black sheep and two white sheep graze in the forest next to a fence., Three goats feeding on greenery., Two white goats and one black goat graze on plants.
https://vision.cs.uiuc.edu/pascal-sentences/sheep/2008_005938.jpg, A sheep in a patch of green grass., A sheep standing in a field of grass and clover., A white sheep on a hillside looking at the camera., The sheep grazes in the country side., This shaggy white sheep has a hillside of greenery to munch on.
https://vision.cs.uiuc.edu/pascal-sentences/sheep/2008_006059.jpg, A sheep is being sheared by two young ladies., Two people cutting the wool off of a sheep. , Two women shearing a sheep on a table., Two women sheering a sheep. , Two young women shear a sheep. 
https://vision.cs.uiuc.edu/pascal-sentences/sheep/2008_006070.jpg," A black sheep, in front of a gray sheep, in front of a fence and a white sheep. ", A black sheep stands in front of a gray-brown sheep. , Black and brown sheep standing on grass behind fence.," Two sheep are standing, looking at the camera, face opposite directions."," Two sheep, one black the other brown, look into the camera "
https://vision.cs.uiuc.edu/pascal-sentences/sheep/2008_006100.jpg, A black and white photo of two rams in a pen., Sheep gather in the pen., Two rams stand on snowy ground., Two sheep on a snowy day standing at the barn door., Two sheep stand in a doorway.
https://vision.cs.uiuc.edu/pascal-sentences/sheep/2008_006327.jpg, Four goat kids laying on hay., Four lambs cuddled together on hay., Four lambs lay together in hay., The lambs are sleeping on the hay., Three white lambs and a spotted lamb cuddling in the hay 
https://vision.cs.uiuc.edu/pascal-sentences/sheep/2008_006477.jpg, A black and white baby goat looks off to the side., A sheep sits near a metal fence., A small black and white goat in a pen looking up at the camera., Black baby goat in fenced area., Small goat is seated looking upward.
https://vision.cs.uiuc.edu/pascal-sentences/sheep/2008_006835.jpg, A white sheep and a black sheep in a field., Black and white lambs grazing on grass.," Two lambs, one white and one black, graze on grass."," Two sheep, one black, the other white in a grassy field."," Two sheep, one brown one white, with ribbons around their necks."
https://vision.cs.uiuc.edu/pascal-sentences/sheep/2008_006892.jpg, Sheep being shaved on wooden floor., Two farmers shaving their sheep , Two women are sheering a white sheep inside of a wooden building., Two women in a barn finishing the job of shearing a sheep. , Two women shearing a white sheep in a wooden stall.
https://vision.cs.uiuc.edu/pascal-sentences/sheep/2008_006939.jpg, A young sheep with tags on it's ears., Black sheep with tags in both ears., Close up of a sheep , Close up of a white sheep with a black head., The tagged sheep looks sad after being sheered.
https://vision.cs.uiuc.edu/pascal-sentences/sheep/2008_007069.jpg, Field of sheep and lambs under fluffy clouds., many sheep grazing on green hills , Sheep in a large field., The flock of sheep are spread out in the field., The sheep graze in the countryside.
https://vision.cs.uiuc.edu/pascal-sentences/sheep/2008_007070.jpg, Adult and young lambs stand on grass., Sheep and lambs in a field., Two adult llamas and 3 calves are in a field., Two adult white sheep and several lambs are standing in a grassy field., Two sheep and three lambs in a pasture.
https://vision.cs.uiuc.edu/pascal-sentences/sheep/2008_007245.jpg, A large ram at the top of a hill., Animal standing at the top of a rocky mountain., A sheep looks down from a grassy slope., The white sheep is standing on the green hill., This sheep stands alone high on a rocky crag.
https://vision.cs.uiuc.edu/pascal-sentences/sheep/2008_007430.jpg, A close-up of a large white sheep. , A close-up of a sheep with its tongue hanging out., Close up image of a sheep with it's tongue hanging out., Close up of a sheep's face with it's mouth open., Up close image of sheep with grass stuck in fur.
https://vision.cs.uiuc.edu/pascal-sentences/sheep/2008_007497.jpg, A goat stands on a rock with trees in the background., A horned goat standing on a rock ledge., A mountain goat is on snowy rocks near trees., A ram standing on some rocks., A white mountain goat stands on the jagged snow-covered rocks.
https://vision.cs.uiuc.edu/pascal-sentences/sheep/2008_007677.jpg, A brown sheep and black lamb stand side-by-side behind a fence., A brown sheep and small black animal inside a pen., A lamb drinking milk from a mother sheep inside a fence., A large sheep and a small black lamb beside a fence., A small black sheep stands beside a larger brown sheep behind a fence.
https://vision.cs.uiuc.edu/pascal-sentences/sheep/2008_007693.jpg, Lambs stand behind a barbed wire fence., The fenced in sheep look out at the world beyond., The flock of sheep are behind a barbed wire fence., There are some sheep staring out from inside a barbed wire fence., The white sheep stand behind the fence.
https://vision.cs.uiuc.edu/pascal-sentences/sheep/2008_007806.jpg, A black and white lamb with other lambs in the background., A black and white sheep is walking next to a white sheep. , A close-up of a black and white farm animal in hay., Black and white lamb with tag in right ear., Little black and white calf with a tag on its ear.
https://vision.cs.uiuc.edu/pascal-sentences/sheep/2008_007814.jpg," A close-up of a lamb with its ear tagged, standing on grass.", A close-up of a sheep in the grass., A lamb with a yellow tag in his ear looking at the camera., A white sheep in a field of grass., White lamb standing in grassy field.
https://vision.cs.uiuc.edu/pascal-sentences/sheep/2008_007909.jpg, A close-up of an animal with curved horns., A close-up shot of a gray sheep , A sheep's face., close up of a gray sheep's face , The face of a gray ram.
https://vision.cs.uiuc.edu/pascal-sentences/sheep/2008_007985.jpg, a group of lambs in the grass , A group of sheep are on a hill., A group of sheep grazing on a hill., Group of lambs in grassy field., Many sheep standing on a green hill.
https://vision.cs.uiuc.edu/pascal-sentences/sheep/2008_008109.jpg, A large sheep standing between large trees in a rural area., A ram stands in the middle of a group of trees., A sheep standing in a forest., a sheep under pine trees , The sheep is standing under the trees.
https://vision.cs.uiuc.edu/pascal-sentences/sheep/2008_008319.jpg, Children looking a sheep. , Children walking through farm looking at the sheep through red fencing., Four children looking at barn animals., Four children looking at sheep. , Four small children looking at sheep in wooden pens with red metal outer bars.
https://vision.cs.uiuc.edu/pascal-sentences/sheep/2008_008322.jpg, Three sheep are in the road as a car approaches., Three sheep in middle of gravel road., Three sheep in the road with an oncoming car., Three sheep on a dirt road shot from a car., Three sheep on a dirt road viewed from a passenger vehicle.
https://vision.cs.uiuc.edu/pascal-sentences/sheep/2008_008601.jpg, A black faced sheep , A black headed sheep covered in thick white wool stands in a pasture with other sheep. , A close-up of a sheep with a black head., Sheep grazing on grass., There is a black and white sheep standing on the grass.
https://vision.cs.uiuc.edu/pascal-sentences/sheep/2008_008613.jpg, A field of black faced sheep. , A flock of sheep on a grassy plain , A group of sheep in a field., Several sheep grazing in the field., Ten sheep looking at the camera.
https://vision.cs.uiuc.edu/pascal-sentences/sheep/2008_008623.jpg, A sheep eats grass., A sheep eats grass., A sheep grazing in a field , A sheep grazing near a fence., the sheep is dyed blue and purple and is grazing on the grass 
https://vision.cs.uiuc.edu/pascal-sentences/sheep/2008_008666.jpg, A sheep with a tree in the foreground., Sheep resting peacefully on grass., Two sheep sit in a green field by a tree., White sheep lying down on grass., Wooly sheep lying down in a pasture.
https://vision.cs.uiuc.edu/pascal-sentences/sheep/2008_008668.jpg, Distant view of two lambs perched on top of a rocky plain., Two animals sitting on a rock., Two sheep looking towards the camera while standing on top of a rocky ledge., Two sheep on to of a cliff looking at the camera., Two sheep standing on rocks.
https://vision.cs.uiuc.edu/pascal-sentences/sheep/2008_008714.jpg, A group of sheep and a sheep dog in a large field., A group of sheep being herded by a dog in a pen , Group of sheep huddled together on gravel as dog watches., Several sheep grazing in the field., The group of sheep are standing in the sunshine under the watchful eye of the sheep dog.
https://vision.cs.uiuc.edu/pascal-sentences/sheep/2008_008744.jpg, A boy is sniffed through a fence by a black sheep. , A little boy looking at a sheep poking his head through the fence., Black sheep sniffing a little boys knee., The boy kneels in the grass and looks at the sheep as it sticks its head through the fence., The sheep goes pokes through the fence to check out the boy.
https://vision.cs.uiuc.edu/pascal-sentences/sofa/2008_000128.jpg, A middle aged lady with brown hair holding a newborn baby., A smiling woman holding a small baby., a woman sitting on a sofa holding a baby , A women holds a small baby while sitting on a sofa., Older woman holding newborn baby.
https://vision.cs.uiuc.edu/pascal-sentences/sofa/2008_000421.jpg, A woman is lying across the laps of two men sitting on a couch., A women laying across two men sitting on a sofa.," three teenagers are on a couch, the girl is laying on two guys. both guys have beer.", Three young adults lounging on couch together., Two guys sit on a couch holding beers with a girl lying on their laps.
https://vision.cs.uiuc.edu/pascal-sentences/sofa/2008_000465.jpg, a living room with a birdcage in the left corner and two lit lamps , A living room with a wood floor and red furniture., A living room with red sofas and a bird cage in the corner.," A living room with sofa, love seat, chair and coffee table."," A room decorated with mostly red furniture, with hardwood floors."
https://vision.cs.uiuc.edu/pascal-sentences/sofa/2008_000493.jpg, A women holds a baby on a sofa with a small boy sitting next to her., Older woman holding newborn baby on couch., Woman holding newborn and sitting next to young boy.," Woman with infant, and child sitting next to her on couch.", Woman with short haircut sitting on brown couch is holding a baby while another child watches.
https://vision.cs.uiuc.edu/pascal-sentences/sofa/2008_000541.jpg, Four Asian young people sitting in a den or living room., Group of kids sitting on brown couch together., The girls watch highlights of the Laker game., Three girls are sitting on a couch and smiling next to one sitting on the floor., Three young teenagers sitting on a couch with another sitting on the floor.
https://vision.cs.uiuc.edu/pascal-sentences/sofa/2008_000636.jpg, A brown haired woman with a crying baby on her knee sitting on a couch., A lady in a red sweater sitting on the couch holding her crying baby on her knee who is wearing blue pajamas with a blue elephant., A woman holding a crying baby sits on a sofa., A women in a red sweater holding a crying baby., Mom tries to get her child to stop crying.
https://vision.cs.uiuc.edu/pascal-sentences/sofa/2008_000648.jpg, A grown man wears a baby bib and sits on the couch., A man sitting on a sofa with a baby's bib around his neck., A man wearing a baby's bib and holding a baby's toy., A smiling man on a sofa is holding up a set of colorful rings., Man wearing a bib sitting on a green couch.
https://vision.cs.uiuc.edu/pascal-sentences/sofa/2008_000704.jpg, A man in shorts and a blue polo shirt sits on the red-cushioned wicker couch., A man sits on a red couch., A man sitting on a couch holding a remote., Man relaxing on red couch in living room., The tanned man enjoys watching television in his apartment.
https://vision.cs.uiuc.edu/pascal-sentences/sofa/2008_000857.jpg," A bedroom decorated in beige and brown colors with a large bed, sofa, and rug. ", A bedroom decorated in beige and chocolate., A classy bedroom , The brown and beige themed bedroom has a sofa next to a wooden bed and a rug in front of the bed., This room has a cream and brown bed and loveseat.
https://vision.cs.uiuc.edu/pascal-sentences/sofa/2008_001660.jpg, A guy and girl pose on a sofa with a tiny dog., A man holds a small dog and is seated with a woman on a couch., A smiling man and woman hold a young chihuahua., The man and the woman are posing with a small dog.," To man and a woman sit on a couch, the man holding a pillow and a small dog."
https://vision.cs.uiuc.edu/pascal-sentences/sofa/2008_001781.jpg," A cramped and cluttered living room contains a plaid couch, many houseplants, and assorted knickknacks.", A living room adorned with plated on the right wall.," A room with a couch, television, bookcases, and various wall decorations.", a small living room with many plants and hanging plates , living room with dog bed in front of television.
https://vision.cs.uiuc.edu/pascal-sentences/sofa/2008_001869.jpg," A black and white photo of a living room with a large window, sofa, and chair.", a black and white photo of a modern living room facing a snowy view , A black and white scene of a well furnished room with a view outlooking a forest., A living room with large windows overlooking the forest., Black and white picture of a living room looking out over trees.
https://vision.cs.uiuc.edu/pascal-sentences/sofa/2008_002119.jpg, A bright red couch in a room with mostly wooden furniture., A living room with a large red sofa behind a small wooden table., A red couch with plaid pillows rests against a white wall., Red sofa in den or living room., The old red couch looks handsome in the den.
https://vision.cs.uiuc.edu/pascal-sentences/sofa/2008_002776.jpg, A hotel room with a flat panel on the wall and a wet bar., A living room with a large screen TV and a man sitting on a sofa., A man on a couch sits in a tidy living room with a large television., A person sitting on a couch reading a magazine in a room with a large flatscreen television., Living room or den with large screen television.
https://vision.cs.uiuc.edu/pascal-sentences/sofa/2008_002903.jpg, A dining table in front of a window with two sofas in the fore ground., A living room , A living room with a dining table in the background., Large living room with shiny tile covered floor., View of a living room with a dining room in the background.
https://vision.cs.uiuc.edu/pascal-sentences/sofa/2008_002922.jpg, A couple posing for a picture on a couch., A man and women smiling for the camera while sitting on a black and red sofa., A young male and female couple sitting next to each other., Young couple sitting on a black couch., Young couple sitting on couch.
https://vision.cs.uiuc.edu/pascal-sentences/sofa/2008_002929.jpg, Teenagers hanging out in their room., Two guys are sitting on a couch lazily., Two guys sit on a loveseat., Two men in shorts are sitting on a sofa., Two young men sitting on couch on a boat.
https://vision.cs.uiuc.edu/pascal-sentences/sofa/2008_003271.jpg, A baby is being played with., A close-up of a little girl wait ribbons in her hair., A small child being held by a women looking into the camera., A woman holds up a wide-eyed African-American baby., Baby girl dressed in yellow and white.
https://vision.cs.uiuc.edu/pascal-sentences/sofa/2008_003393.jpg, A girl on a couch looking to the woman sitting next to her., A mother and daughter sit on a brown couch with a baby pillow., A woman with a white pillow sits on a sofa near a girl in a pink sweater., A women sitting with her daughter., The young girl looks admirably at her grandmother.
https://vision.cs.uiuc.edu/pascal-sentences/sofa/2008_003709.jpg, A white colored room with closed blinds and two dark sofas., Living room with two black couches.," This is a white, empty room except for two black couches, which are opposite from each other.", Two black couches in an all white room., Two black love seats facing each other.
https://vision.cs.uiuc.edu/pascal-sentences/sofa/2008_003814.jpg," A small efficiency apartment, complete with twin bed, soda, and entertainment center.", Blue couch and twin bed in a living room., Picture of a dorm room , Red and white checkered floor with blue couch and red pillows in room.," This is the interior of someone's living room including a TV, light, cabinet, chair, guitar, and checkered floor pattern."
https://vision.cs.uiuc.edu/pascal-sentences/sofa/2008_004416.jpg," A blue, red, and white couch against a wall with accent tables.", A couch with an Union Jack motif sits behind some glass., An English-themed furniture set.," a sofa with the union jack, a blond small table with a lamp "," There is a red, white, and blue sofa and two tables in the room."
https://vision.cs.uiuc.edu/pascal-sentences/sofa/2008_004497.jpg, A black leather couch with a chew' lounge and a coffee table with light candles in glasses , A brown leather sofa with a wooden coffee table in front of it., A leather couch and wooden table in a living room., A living room with a brown leather couch and a coffee table., The leather couch is behind the coffee table set with glasses and place mats.
https://vision.cs.uiuc.edu/pascal-sentences/sofa/2008_004632.jpg, a dark living room with a white couch and a fireplace , A living room containing a large cream sofa along with a chair and fireplace., An empty room with a beige couch and blinds on the windows., A room with a fireplace and large sofa., Sun shining through the window of a tidy living room.
https://vision.cs.uiuc.edu/pascal-sentences/sofa/2008_004670.jpg," An empty college common space with empty chairs, a couch and a ping pong table.", A party room.," A recreation room with a ping pong table, chairs, and a striped couch.", A striped sofa and office chairs are near a ping pong table., Room set up with going away decorations on wall.
https://vision.cs.uiuc.edu/pascal-sentences/sofa/2008_004881.jpg, A man and small child in a living room posing for the camera., Daughter tickling father., Man and child rocking out ," Man making a funny face, and a child to his left side.", Man with a startled face with a laughing child.
https://vision.cs.uiuc.edu/pascal-sentences/sofa/2008_004938.jpg, An overweight woman in pajamas and bunny slippers is sitting on a green couch., a woman seats on a couch. she has a white dress with flowers ," A women sits on a sofa wearing a dress, slippers and hat.", Older woman dressed in white night gown on tan couch., Woman in a floral nightgown sits on a couch.
https://vision.cs.uiuc.edu/pascal-sentences/sofa/2008_005090.jpg, There are two people sitting on a purple couch while smoking., Two guys on a couch watching tv ," Two guys sitting on a couch watching television, drinking, and smoking.", two men in black tops and blue jeans smoking cigarettes and watching TV ," Two young men relaxing, watching television and drinking beer."
https://vision.cs.uiuc.edu/pascal-sentences/sofa/2008_005926.jpg, A blue couch with sparse surroundings., A blue sofa in a modern room., A large blue couch on a wooden floor with three pictures on a wall shelf behind., Blue couch in room with sun shining in., There is a blue sofa in the room with white and brown walls.
https://vision.cs.uiuc.edu/pascal-sentences/sofa/2008_006038.jpg, A brown dog resting on a white sofa cushion., A tan dog is lying on a couch and has its head on a white pillow., Brown dog with head on pillow on white sofa., The brown dog is resting his head on a white pillow., This is a picture of a dog resting its head on a white sofa.
https://vision.cs.uiuc.edu/pascal-sentences/sofa/2008_006436.jpg, A furry black dog and a small white dog lying down next to a brown leather couch , A large dog sleeping by the red couch while a small dog sleeps on the rug. , A leather couch between two dogs lying on their backs., Two dogs lying down near a couch.," Two dogs, one large and one small laying near a red leather sofa."
https://vision.cs.uiuc.edu/pascal-sentences/sofa/2008_006616.jpg, A man in glasses holding a small dog., A man sitting at a table with a dog on his lap., A man with a blue shirt and graying hair sits at a table with a tan chihuahua on his lap., an old man in a blue shirt sitting at a table with a chihuahua on his lap , Older man sitting at table with small dog.
https://vision.cs.uiuc.edu/pascal-sentences/sofa/2008_007021.jpg, The two dogs blend in with the stuff animals., Two dogs and a set of stuffed animals rest on a leather couch., Two dogs sit on a couch with many stuffed animals., Two golden dogs laying on the couch with several stuffed animals., Two golden retrievers on couch with many stuffed animals.
https://vision.cs.uiuc.edu/pascal-sentences/sofa/2008_007043.jpg, Two smiling young ladies sitting on a couch., Two women on a rust-colored sofa smile into the camera., Two women on a sofa in a cafe looking at the camera., Two women sitting on a large sofa in a coffee shop., Two women sitting on brown couch.
https://vision.cs.uiuc.edu/pascal-sentences/sofa/2008_007050.jpg, A living room with wooden floors and patterned sofas., A matching furniture set in a living room.," A red, green, and white couch and ottoman in a living room with a hardwood floor.", Colorful furniture on wooden floor in room., Matched flowered and plaid living room set.
https://vision.cs.uiuc.edu/pascal-sentences/sofa/2008_007169.jpg, Two women and a black dog are near a sofa and chair., Two women in a room with a large black dog., Two women reluctantly look at the camera in their home as a black dog looks on., Two women stand in a living room with a black dog., Two women standing in a living room with a black dog looking towards the camera.
https://vision.cs.uiuc.edu/pascal-sentences/sofa/2008_007837.jpg, A man and two women smiling at the camera while sitting on a blue sofa., an older couple and a girl sitting on a blue futon , An older man sits with an older and a younger woman on a blue couch., People sitting on acouch , The people are posing on a blue futon.
https://vision.cs.uiuc.edu/pascal-sentences/sofa/2008_008103.jpg, a blue couch with Power Puff Girls cushions with a brown coffee table in front , A living room containing a blue sofa with a wooden coffee table.," A living room with a window, sofa, coffee table, and yellow paint.", A room with cartoon pillows on a couch., A tidy living room with sun shining through the windows.
https://vision.cs.uiuc.edu/pascal-sentences/sofa/2008_008106.jpg, A bright blue couch sits near a overturned chaise lounge and bench.," A living room with a blue sofa, camp bed, wooden bench and dresser.", An empty living room with a blue couch , A room with a blue sofa and an overturned cot., A sparse room in an apartment is a little disheveled.
https://vision.cs.uiuc.edu/pascal-sentences/sofa/2008_008162.jpg, A couple holds a baby., A man and women sitting on a sofa holding a small baby., A middle eastern couple sitting on a couch holding their baby and displaying a gift., Couple with newborn baby., Indian couple and newborn 
https://vision.cs.uiuc.edu/pascal-sentences/sofa/2008_008271.jpg, A black and wooden seating area., A black couch , A black leather couch with glass doors behind., A picture of of a black leather couch., The black leather couch looks resting for future owner.
https://vision.cs.uiuc.edu/pascal-sentences/sofa/2008_008313.jpg, A bag of cotton in front of a couch., A bag of white cotton leaning on a colorful couch , A giant polka bag filled with with cotton in sits on a tan rug in front of a paisley couch., A polka bag of white cotton is sitting upright in from of a maroon couch., Large bag of cotton in front of couch.
https://vision.cs.uiuc.edu/pascal-sentences/sofa/2008_008517.jpg, A woman and elderly woman sitting together posing on a couch., Elderly woman sitting on red patterned couch with her arm around younger woman.," Two ladies, one younger and one older, sit on a living room sofa while smiling for the camera.", Two women pose together on a sofa., Two women sitting on couch posing for camera.
https://vision.cs.uiuc.edu/pascal-sentences/sofa/2008_008538.jpg," A decorated room with blue carpeting, a cream sofa and chair, and a patio door."," A living room with a sofa, chair, coffee table, and a sliding glass door.", Living room with white couch and blue carpeting., The living room in the apartment gets some afternoon sun.," There is a living room with blue carpet, white furniture, and coffee table."
https://vision.cs.uiuc.edu/pascal-sentences/sofa/2008_008567.jpg, A girl sits on the couch with her arms crossed., A girl with arms crossed sitting on a sofa., Black and white photo of a girl on a sofa., Depressed woman sitting on couch., This is a black and white photo of a woman on a sofa with her arms crossed.
https://vision.cs.uiuc.edu/pascal-sentences/sofa/2008_008608.jpg," A living room with a beige sofa and love seat, television, and coffee table.", A living room with two sofas and a large TV along with a palm in the corner., Cream furniture and a television in a living room with palm tree decorations., Living room with tan furniture and flat screen television.," The model home allows a comfortable seating arrangement to watch television,"
https://vision.cs.uiuc.edu/pascal-sentences/sofa/2008_008622.jpg, A dark brown dog on a blue loveseat and a light brown puppy on a cream rug., An adult basset hound lays on a blue couch while a basset hound puppy lays on a rug on the floor.," There are two dogs, one laying on a couch, one laying on the floor.", Two basset hounds lying down in room., Two dogs in a living room sitting on the couch and on the floor.
https://vision.cs.uiuc.edu/pascal-sentences/sofa/2008_008628.jpg, A broken sofa sits beneath a concrete structure with graffiti., A broken sofa underneath an underpass marked with graffiti., A couch outside by graffiti covered walls and columns., A couch sits outside by graffiti covered walls , An old sofa sitting underneath a concrete bridge.
https://vision.cs.uiuc.edu/pascal-sentences/sofa/2008_008642.jpg, A black and white photo of a love seat., A black-and-white photo of a loveseat., A loveseat is near a table., A white leather couch with a purse and throw blanket on it., Black and white photo of couch with purse at one end.
https://vision.cs.uiuc.edu/pascal-sentences/sofa/2008_008649.jpg, A large white living room with a fireplace and large TV.," A living room with a TV, two chairs, a love seat, and a coffee table."," A living room with a wooden floor, a fireplace, and mismatched furniture.", Red chair in living room with wooden floor.," View of a living room containing couches, TV and fireplace."
https://vision.cs.uiuc.edu/pascal-sentences/train/2008_000343.jpg, A backpack standing beside a train., A guy with a backpack standing next to a train., A man in black shorts stands beside a green train., A man standing on a platform next to a green and yellow train., A man wearing white gym shoes stands near a green train.
https://vision.cs.uiuc.edu/pascal-sentences/train/2008_000916.jpg, Green train arriving at station., Passangers wait to get on a little green children , Passengers at a station waiting to board a train pulled by a green locomotive engine., Passengers loading onto a train with a green and black steam engine., Several people waiting to board the train.
https://vision.cs.uiuc.edu/pascal-sentences/train/2008_001164.jpg, A colorful train , An old American steam engine with flags flying., A train coming head on , Black train idle on the tracks., The front of a gilded steam engine.
https://vision.cs.uiuc.edu/pascal-sentences/train/2008_001625.jpg, A boxcar with graffiti on it., A graffiti covered Southern Pacific freight car., A graffiti decorated railroad car., A graffiti side of a freight train car , A train with graffiti art on the side.
https://vision.cs.uiuc.edu/pascal-sentences/train/2008_001850.jpg, A close up of a silver train., A close-up of a silver train engine with a red stripe., Large silver locomotive engine in a shed., Left side of a silver train engine., The silver train is parked in a station 
https://vision.cs.uiuc.edu/pascal-sentences/train/2008_001866.jpg, An Amtrak passenger train waiting at a station., A silver and blue Amtrak train on the tracks near a small train station., A train parked at a train station., Silver train at a station , There is a blue and silver astray train.
https://vision.cs.uiuc.edu/pascal-sentences/train/2008_001926.jpg, A blue and yellow locomotive alongside a station platform., A blue and yellow train in front of a two-tone green building., a train on tracks in town , a train passing a teal building from a side view , A trolley on a street.
https://vision.cs.uiuc.edu/pascal-sentences/train/2008_002158.jpg, A trail car on the tracks at a station., A train heading for Trenton stops at a station., a train in a station , A white train pulling into a station., The white train is sitting on the tracks.
https://vision.cs.uiuc.edu/pascal-sentences/train/2008_002222.jpg, A man waits on the platform as the light rail train approaches., A train pulls into a stop surrounded by trees., People wait for the train to stop so that they can board., People waiting for yellow and white train to stop., Two men watching the oncoming train.
https://vision.cs.uiuc.edu/pascal-sentences/train/2008_002325.jpg, A man gets off the Peruvian train for a photo opportunity., A man stands in front of a train labeled Perurail near mountains., A person posing for a picture outside a train , A person standing in front of a blue PeruRail train by the mountains.," The person is standing in front of the blue, yellow and white train."
https://vision.cs.uiuc.edu/pascal-sentences/train/2008_002452.jpg, A small train stopped on the tracks in a park., Railroad tracks with a railroad car on them., The brown train is sitting on the railroad tracks., The train heads down the tracks and along the hedge., Train cars sitting on a track.
https://vision.cs.uiuc.edu/pascal-sentences/train/2008_002900.jpg, A black and white photo of an empty train station., A black and white picture of a rail line and telegraph poles., A black and white picture of railroad tracks., An empty train next to a parallel set of tracks.," Photo of a train station, in black and white."
https://vision.cs.uiuc.edu/pascal-sentences/train/2008_003068.jpg, A green steam engine traveling on the railroad tracks., A green steam train running down the tracks., An old train travels in the country., A steam engine comes down a train track near trees., Steamy locomotive speeding thou the forest.
https://vision.cs.uiuc.edu/pascal-sentences/train/2008_003826.jpg, A London Underground train in a siding next to a London Overground train., The red train and the yellow train on on the tracks., Trains amble by the rail yard., Two trains are traveling on the track., Two trains stopped on a railroad track.
https://vision.cs.uiuc.edu/pascal-sentences/train/2008_003992.jpg, A long American freight train near a station., A train is on the railroad tracks , A train is running down the track in a rural area., A train is running on the tracks., A yellow and black train with tanker cars belching smoke.
https://vision.cs.uiuc.edu/pascal-sentences/train/2008_004214.jpg, A BNSF railroad train on a track by water., A brightly colored train is on tracks near grass., A large orange and black locomotive., A train is traveling on the railroad track in a rural area.," Yellow, blue and orange train on train tracks."
https://vision.cs.uiuc.edu/pascal-sentences/train/2008_004367.jpg, A CN freight engine passes by a larger freight train., A CN freight train moves past wagons., A pair of locomotives travels by train cars., front side of a red freight train , Train with a red front.
https://vision.cs.uiuc.edu/pascal-sentences/train/2008_004610.jpg, A long train is on train tracks., A yellow freight train , Locomotive attached to a train., The front of a yellow freight train , The long yellow train is sitting on the tracks.
https://vision.cs.uiuc.edu/pascal-sentences/train/2008_004914.jpg, A modern train in the snow., A train going down the track in a snow covered landscape., A yellow passenger train running along snow covered tracks., A yellow train on a racetrack with snow on it., Yellow train riding down snow covered tracks.
https://vision.cs.uiuc.edu/pascal-sentences/train/2008_005282.jpg, An indoor train depot with trains on both sides of the walkway., A train parked at a train station., Trains inside an indoor station , Train station., Two old passenger trains in a depot.
https://vision.cs.uiuc.edu/pascal-sentences/train/2008_005968.jpg, A black steam engine with yellow stars on it., A close-up of a black train engine., A steam engine train., Idle black train at station., Old train engine with stars on its side.
https://vision.cs.uiuc.edu/pascal-sentences/train/2008_006010.jpg, A train car at a large group of railroad tracks , A train sitting on the tracks in a train yard., A train travels down one track amongst many., Caboose on train track., Two train engines in a rail yard.
https://vision.cs.uiuc.edu/pascal-sentences/train/2008_006158.jpg, A passenger train coming into a station., A subway train pulling into the station., A train on drinks pulling into a station.," Train going down the tracks through a tunnel,", Train in a station.
https://vision.cs.uiuc.edu/pascal-sentences/train/2008_006553.jpg, A black steam train traveling on the railroad tracks., A large steam locomotive pulling a passenger train through the countryside., A steam engine and train moving toward the camera., A steam-powered locomotive., Train going down the tracks.
https://vision.cs.uiuc.edu/pascal-sentences/train/2008_006655.jpg, A blue and yellow train crosses a river near a waterfall., A blue train crosses over a ditch in the mountains., A blue train crossing over a pulley., A blue train with silver top that is crossing a divide., Blue train over rocky crevasse 
https://vision.cs.uiuc.edu/pascal-sentences/train/2008_006818.jpg, An old passenger train in blue and white sits in Sheffield Station., A passenger train waiting at the city train station., A passenger train with a yellow engine., Black train arriving at train., The blue train is at the station.
https://vision.cs.uiuc.edu/pascal-sentences/train/2008_007011.jpg, A multi-colored train on a track., an old diesel train in the country , A row of locomotives on a siding in a field., A train seen from the back end , A train set on tracks.
https://vision.cs.uiuc.edu/pascal-sentences/train/2008_007201.jpg, A red train ," A red, yellow and black locomotive from the Panama Canal Railway in a siding."," A red, yellow, and black Panama Canal Railway train sits on dead-end tracks.", side view of a Panama Canal Railway freight train , The left side of a Panama Canal Railway locomotive.
https://vision.cs.uiuc.edu/pascal-sentences/train/2008_007231.jpg, A large yellow locomotive showing the number 8300 with a bright blue sky above., an old yellow diesel engine ," A train emblazoned with ""8300"" beneath a lovely blue sky.", A yellow train stopped., a yellow train with 8300 on it 
https://vision.cs.uiuc.edu/pascal-sentences/train/2008_007247.jpg, A black train engine is facing me on the tracks with its light on in the woods during the day., A close-up of a black train engine., A front view of a black train engine on the tracks with people standing on either side., A group watches an old freight train engine., The train is very old and has the number 1225 on it.
https://vision.cs.uiuc.edu/pascal-sentences/train/2008_007280.jpg, A commuter train pulling into a platform at night., A woman in a black hat is standing by the subway , A woman is waiting by a subway train., A woman waits for a train on the platform., A woman with a black hat and coat standing beside a subway car.
https://vision.cs.uiuc.edu/pascal-sentences/train/2008_007521.jpg, A picture of an old train on the tracks., A railway sits on an off-track at a factory in the woods., A train on the train tracks., Gloomy train tracks , train tracks with dark building next to it 
https://vision.cs.uiuc.edu/pascal-sentences/train/2008_007759.jpg, A man walking past the red and yellow train., A passenger train in the snow., A red train driving through a snow covered city., The train is riding on the tracks in the snow., Yellow and red train on tracks in winter time.
https://vision.cs.uiuc.edu/pascal-sentences/train/2008_007779.jpg, A black coal train passes many overhead wires., A black locomotive goes by on the train tracks., A black steam engine passes a fence., A black train moves down the tracks., An antique freight engine rides on the tracks.
https://vision.cs.uiuc.edu/pascal-sentences/train/2008_008001.jpg, A car parked in front of train tracks., A freight train crossing a rural road., A mostly black train on a track., A small white car and a passing train., A train carrying tanks passes a small silver car.
https://vision.cs.uiuc.edu/pascal-sentences/train/2008_008020.jpg, A moving train in a suburban area , A train is railing between a dead end street and a stand of evergreens., Black train on train tracks., The locomotive is visible just beyond the guardrail and in front of the telephone pole., Train engine with trees in the background.
https://vision.cs.uiuc.edu/pascal-sentences/train/2008_008123.jpg, An electric train on tracks under an overpass., A passenger train sits in the station., A red and white railroad car with passengers inside., A red and white Sun Liner train beneath an overpass., The train sits at the train station.
https://vision.cs.uiuc.edu/pascal-sentences/train/2008_008152.jpg, A blue train in a mountainous area., An old train sits idle on the tracks., A weathered passenger train car., Old blue and white train on tracks., Picture of an old railroad car with a passenger looking out the window.
https://vision.cs.uiuc.edu/pascal-sentences/train/2008_008200.jpg, An electric streetcar is on train tracks., A passenger train going over a railroad crossing., Train coming forward on a track., Train gliding on tracks., Train pulling into a station.
https://vision.cs.uiuc.edu/pascal-sentences/train/2008_008203.jpg," A red and cream colored train with graffiti on it at a small, open air train station.", A train is parked at a station next to benches., A train parked at an empty train station., Subway station with the vehicle parked., Trolley style train cars with graffiti on them sit at a station.
https://vision.cs.uiuc.edu/pascal-sentences/train/2008_008223.jpg, A passenger train waiting in a station.," A red, white and blue train pull up to the station.", Electric train or tram waiting at a station , Passenger train stopped at rail station.," Red, white and blue train arriving at train station."
https://vision.cs.uiuc.edu/pascal-sentences/train/2008_008321.jpg, An Amtrack train coming towards the camera on a set of tracks with tracks next to it., a train rides on his tracks , A train traveling down the tracks., The train arrive in the late afternoon.," The train comes down the track, between two rows of trees."
https://vision.cs.uiuc.edu/pascal-sentences/train/2008_008527.jpg, A yellow and white train and one orange train on the opposite sides of a small train station., There is a train and two yellow and white cars at the train station., Two trains are on train tracks near a median., Two trains inside a train station., Two train tracks with a train on each.
https://vision.cs.uiuc.edu/pascal-sentences/train/2008_008545.jpg, A coal train traveling down the tracks., A locomotive with smoke coming out of the top going away from the camera., a steam train with dark smoke , Steam rises from the train engine on the tracks., The steam from the train signals it is time to move out.
https://vision.cs.uiuc.edu/pascal-sentences/train/2008_008583.jpg, A Canadian train with the flag of Canada on the tracks.," A gray, yellow and blue train engine from Canada.", Canadian train on tracks., The Canadian locomotive is parked., The train engine is labeled with the word Canada and a flag.
https://vision.cs.uiuc.edu/pascal-sentences/train/2008_008618.jpg, A man posing in front of a passenger train., A man stands on a platform in front of a silver train., Man standing in front of a silver rail car., Man standing in front of silver train., The man poses for a photo in front of the train.
https://vision.cs.uiuc.edu/pascal-sentences/train/2008_008632.jpg, An American flag and another flag fly above a yellow train engine and snow., A yellow and black train passing through the snow toward two flag poles., Two flags fly on a snowy day as a yellow train approaches., Two flags lay quietly on their poles while a freight train passes by on the tracks., Two flags on flagpoles near a train on covered ground.
https://vision.cs.uiuc.edu/pascal-sentences/train/2008_008662.jpg, The trains sit idly in the yard., Two green and white trains are sitting on the train track., Two green and white trains on tracks., Two green and white trains parked on tracks., Two green and white trains sitting on the tracks.
https://vision.cs.uiuc.edu/pascal-sentences/train/2008_008739.jpg, an old wooden train heading toward an old station , A railroad track and a train to the side., A train passing through a deserted town., A train sitting on the tracks near a field., Close up of a railroad track with two old wooden rails on one side.
https://vision.cs.uiuc.edu/pascal-sentences/train/2008_008751.jpg, A grey and red train coming out of a tunnel., An orange and silver train pass by a building on a hill., A red and gray train is going through a tunnel., A red and gray train travels through a tunnel amongst the trees., Train going into a tunnel 
https://vision.cs.uiuc.edu/pascal-sentences/tvmonitor/2008_000305.jpg, A hotel room contains a flat-screen TV and sparse but adequate furnishings., A television and a laptop computer are on in a hotel room., A television screen over a room with two desks and a bed.," The table, chair, and television of a hotel room have a yellow hue due to the lamp light.", The television and desk of hotel room with lamp lighting.
https://vision.cs.uiuc.edu/pascal-sentences/tvmonitor/2008_001021.jpg, A man pressing a button on a television., A man sitting and pointing at a blurred screen., a man turning on a TV in his office , A man viewing television in a doctors office., Man pointing at image on tv. 
https://vision.cs.uiuc.edu/pascal-sentences/tvmonitor/2008_001461.jpg, A woman and her dog watch the cameraman in their living with wooden floors., A woman sitting on the couch while a black faced dog runs across the floor., A woman wearing a backpack sits on a couch while a small dog runs on the hardwood floor next to her., A women sitting on a sofa while a small Jack Russell walks towards the camera.," White and black small dog walks toward the camera while woman sits on couch, desk and computer seen in the background as well as a pillow, teddy bear and moggie toy on the wood floor."
https://vision.cs.uiuc.edu/pascal-sentences/tvmonitor/2008_001641.jpg, a desk with a computer in a room , A messy home office., a office space with two windows , A room set up as a quaint office., A wooden desk alongside a large printer in a busy office.
https://vision.cs.uiuc.edu/pascal-sentences/tvmonitor/2008_001688.jpg, A television and entertainment center., A wide screen TV in a green entertainment center., A wide screen TV sits in a living room., Entertainment center with TV and picture frames.," The entertainment center of the living room includes a TV, plants, and several baskets."
https://vision.cs.uiuc.edu/pascal-sentences/tvmonitor/2008_001704.jpg, A laptop and a PC at a workstation., A laptop computer and a computer monitor., An HP laptop sits on a desk next to a Dell monitor., Computer and two monitors., Laptop and desktop computer screen sitting on desk.
https://vision.cs.uiuc.edu/pascal-sentences/tvmonitor/2008_001772.jpg, A green painted office with a buster eaten poster and a soda bottle on the wall.," An office with a green wall, desk, fax machine, computer, and chairs.", An office with multiple desks and green walls., Home office space with bright green walls and artwork., Small office space with bright green walls.
https://vision.cs.uiuc.edu/pascal-sentences/tvmonitor/2008_001920.jpg, A close-up picture of a desk with a computer and papers on it., a messy desktop with two monitors , Messy computer desk with two monitors., The desk is very cluttered and has an old computer on it., Very crowded office desk with computer monitor on.
https://vision.cs.uiuc.edu/pascal-sentences/tvmonitor/2008_002066.jpg, A computer monitor has a picture of a cat in a pumpkin., A graphic of a black cat in a pumpkin displayed on a computer screen., Close up of a PC monitor with a large halloween pumpkin displayed., Sticker-covered computer monitor., This is a computer monitor next to a cat-themed picture frame and showing an image of a cat and jack o'lantern.
https://vision.cs.uiuc.edu/pascal-sentences/tvmonitor/2008_002328.jpg, A group of men sitting in a classroom., Students sit in a room using laptop computers., Three dark-haired young men sit in a classroom with one looking at his laptop., Three men surfing the internet., Young men sitting in what appears to be a class.
https://vision.cs.uiuc.edu/pascal-sentences/tvmonitor/2008_002547.jpg," A black, flat screen television placed on the floor.", A flat screen TV on the floor., A flat-screen TV sits on the floor., A large LCD television on the floor with many wires connected., The idle monitor is wide.
https://vision.cs.uiuc.edu/pascal-sentences/tvmonitor/2008_002817.jpg," A computer and collection of gadgets, including pop, cell phone, pot and game advance."," A computer monitor, keyboard, pot, and cell phone sitting on a table.", A computer with four mobile electronic devices and one magazine in front of it., A desktop computer with electronic devices lined up in front of it.," Computer monitor, and various electronic devices on a desk, and a magazine to the left."
https://vision.cs.uiuc.edu/pascal-sentences/tvmonitor/2008_003037.jpg, A messy bedroom.," A pile of bunched-up sheets lay on top of a bed, next to some discarded clothes and a box.", A single bed with boxes and bedding piled on the bed and floor., A unkempt bedroom with boxes to the right., Messy room with unmade twin bed and moving boxes.
https://vision.cs.uiuc.edu/pascal-sentences/tvmonitor/2008_003466.jpg, A silver television on a silver stand with visible wires., a silver TV with a silver stand , A television is on a media stand near a plant., A television with a show on., A TV and cable unit that is currently playing a video.
https://vision.cs.uiuc.edu/pascal-sentences/tvmonitor/2008_003609.jpg, girls and one guy playingtwister , Three people playing Twister., Two girls and guy play Twister in a living room., Two girls playing twister while guy watches., Two women play twister while a man looks on.
https://vision.cs.uiuc.edu/pascal-sentences/tvmonitor/2008_003995.jpg, College students finally get the answer they've been looking for., Four people interested in something on a computer monitor., Four people stacking hands with a computer monitor in the background , friends in front of acomputer , One man sitting next to a computer screen pointing to it while three others look at the screen.
https://vision.cs.uiuc.edu/pascal-sentences/tvmonitor/2008_004004.jpg, A, A large screen tv with news headlines., A monitor is on to a screen reading World News Today from Yahoo. , Library kiosk display showing news , World news headlines displayed on a large screen.
https://vision.cs.uiuc.edu/pascal-sentences/tvmonitor/2008_004008.jpg, A green lamp sits beside a television on a dresser in a bedroom with white furniture.," A white colored room containing a table, chairs and TV "," A white room with a tv and fridge, looks like a hotel room.", Bedroom with white furniture and white walls., The bedroom set is clean and basic.
https://vision.cs.uiuc.edu/pascal-sentences/tvmonitor/2008_004097.jpg, A cluttered living space is typical of a small apartment., a small room with a fan and a small coffee table ," A small TV along with a coffee table, shelves and fan.", Living room with table and entertainment center., Person writing on notepad in living room.
https://vision.cs.uiuc.edu/pascal-sentences/tvmonitor/2008_004301.jpg, A boy looking at a computer screen., A boy looking at a computer screen that has a glare , A young boy with glasses sites in front of a computer., Boy using a computer., Boy with glasses typing on a computer.
https://vision.cs.uiuc.edu/pascal-sentences/tvmonitor/2008_004501.jpg, A man sitting at an office desk with his computer on., A man with glasses and a burgundy shirt seated at his cubicle in front of a computer., A man with glasses in a cubicle., A man with thinning hair and a brown shirt looks up from the computer in his cubicle., Man with glasses and maroon shirt sitting at office desk in cubicle.
https://vision.cs.uiuc.edu/pascal-sentences/tvmonitor/2008_004506.jpg, A home office with three computer monitors and other equipment on a desk., A room with four computer monitors in a row., A room with several computers and pictures on the wall., Room with several computer monitors., This is a bedroom containing several computers and somewhat cluttered walls.
https://vision.cs.uiuc.edu/pascal-sentences/tvmonitor/2008_004550.jpg, A bathtub under stained glass windows., A beautiful tub under a stained glass window., A white bath tub set beneath stained glass artistry., The modern bath tub is equipped with a flat screen television., The stained glass window allows light into the bathroom while keeping prying eyes out.
https://vision.cs.uiuc.edu/pascal-sentences/tvmonitor/2008_004665.jpg, A man sitting in a chair with a laptop on his lap watching a TV set in the corner., A man sitting in a nearly empty room working on a computer and watching a small television., A man sitting on a chair watching TV and using a laptop., A young man is in a chair using a laptop while the television is on.," A young man using a laptop computer is sitting in a chair, looking at a turned on television."
https://vision.cs.uiuc.edu/pascal-sentences/tvmonitor/2008_004908.jpg, A computer with two monitors on a white desk., monitors on adesk , Two computer monitors with matching images., Two computer monitors with matching screens sit on a desk with other electronics., Two computer monitors with the same background are placed right next to each other.
https://vision.cs.uiuc.edu/pascal-sentences/tvmonitor/2008_004910.jpg," A living room with TV, books, vacuum, and accessories.", A modest living room contains two cluttered bookshelves and a small flatscreen TV., A small TV on a wooden floor is surrounded by bookshelves and cleaning supplies., A television next to a bookcase and vacuum cleaner., The corner of a cluttered room with a television and two full book shelves.
https://vision.cs.uiuc.edu/pascal-sentences/tvmonitor/2008_004930.jpg, A close-up of a television monitor with a man on t.v., A walled television screen shows an image of a dark-haired man in a white suit and brown tie., photo of a television screen showing a movie , There is a picture of a man on the television., The wall-mounted flat-screen TV is showing a movie.
https://vision.cs.uiuc.edu/pascal-sentences/tvmonitor/2008_005008.jpg, A home office set up complete with a can of soda!, An Apple computer is sitting on a desk next to a can and another computer., Computer desk with computer monitor and soda can sitting in front of keyboard., Desk with computer keyboard and monitor., Two computers at a workstation.
https://vision.cs.uiuc.edu/pascal-sentences/tvmonitor/2008_005094.jpg, A man laying on a bed with beer cans on a nearby table., A man lies in a bed in a cluttered room., a middle-aged man relaxes after drinking a few beers , A person in a blue shirt reclines near a coffee table and television., Young man in blue shirt lying down on couch.
https://vision.cs.uiuc.edu/pascal-sentences/tvmonitor/2008_005231.jpg, A guy playing a giant intent in a game store with a blue wall., A man bending over playing a video game on a large screen on the wall., A man playing a video game in a store., A man playing Super Mario Brothers with a giant Nentendo controller., Man playing game in a store.
https://vision.cs.uiuc.edu/pascal-sentences/tvmonitor/2008_005254.jpg, A blank screen with two remotes on the table., A flat screen television on a table with two remote controls., A Philips flat-screen TV is shown with its two remote controls., A Phillips flat screen TV with two remote controls , Flat screen television with two remote controls sitting in front.
https://vision.cs.uiuc.edu/pascal-sentences/tvmonitor/2008_005329.jpg, a desk in a corner of a room with a computer and a laptop , A desk with a laptop and a desktop computer along with a desk lamp., A home office set up is sparse., A small wooden computer desk with a laptop and desktop computer., Wooden computer desk with desktop and laptop.
https://vision.cs.uiuc.edu/pascal-sentences/tvmonitor/2008_005625.jpg, A group of people with a women holding a small child and a birthday cake., A woman holding a baby poses with two men and birthday decorations.," Two men, a woman, and a small child are celebrating a birthday.", Two men with a young lady holding a small child in front of a table holding a birthday cake., Woman holding baby and two men in front of birthday cake.
https://vision.cs.uiuc.edu/pascal-sentences/tvmonitor/2008_005639.jpg, A bookcase with entertainment center and TV.," A room with a television, stereo and bookshelf.", A television in a messy room with several bookcases., A view of an entertainment system and a bookshelf., A wall with a TV and four bookcases.
https://vision.cs.uiuc.edu/pascal-sentences/tvmonitor/2008_005660.jpg, Duel monitors is now the norm in most home office set ups., There are two computer monitors sitting side by side., Two flat screen computer monitors next to each other., Two flat screen computer screens side by side., Two flat screen TVs showing underwater scenes.
https://vision.cs.uiuc.edu/pascal-sentences/tvmonitor/2008_005817.jpg, A flat screen with all sorts of wires and electronics in front of it., A jumbo jumbo of technology paraphernalia., A lot of electronics is stacked on the floor near a mounted flat screen television., A room cluttered with boxes and wires has a flat-screen television on the wall., A storage room with electronics and a TV on the wall.
https://vision.cs.uiuc.edu/pascal-sentences/tvmonitor/2008_006136.jpg, A computer and monitor on a desk , A computer operating on a desk , A messy desk with a computer , A typical college student's work station!, Very cluttered computer desk.
https://vision.cs.uiuc.edu/pascal-sentences/tvmonitor/2008_006159.jpg, A comfortable entertainment center in an apartment., A living room TV on which someone is playing a video game.," A television is turned on, in a room with bookshelves.", A view of a living room with a television and shelves., Television sitting next to two shelves full of neck knacks.
https://vision.cs.uiuc.edu/pascal-sentences/tvmonitor/2008_006624.jpg, A large T.V. rests in the center of the room against a brick wall.," A living room with a large television, blue chair, and other personal items."," A living room with a large TV, blue patterned chair and brick walls."," A television, upholstered chair, and coffee stable in a bright room.", Living room with TV and recliner.
https://vision.cs.uiuc.edu/pascal-sentences/tvmonitor/2008_006887.jpg, A Mickey Mouse figurine is sitting next to a toy hippo., A Mickey Mouse toy , A small Mickey Mouse figurine on a desk next to a crazy white figurine., Trinkets sit on a desk for all to admire., Two plastic toys sitting on top of an office monitor.
https://vision.cs.uiuc.edu/pascal-sentences/tvmonitor/2008_006948.jpg," A living room with a green sofa, table and TV."," Living room setting with wood floor, green chair, lamp on a table and a fireplace."," Living room with bay window, historian fireplace, hardwood floors, and a green couch."," Living room with TV, stereo equipment, green couch, and wooden floor.", Living room with wooden floor and green couch.
https://vision.cs.uiuc.edu/pascal-sentences/tvmonitor/2008_007196.jpg, Several televisions are on the floor and stacked up on top of one another., There are three TV's and a TV box piled on the floor., This is an image of the back of some old televisions.," Three televisions, on on the floor, the other two on a box.", Two portable televisions on a brown rug. 
https://vision.cs.uiuc.edu/pascal-sentences/tvmonitor/2008_007282.jpg, A cozy wood-paneled living room with a wood burning stove welcomes you., A living room with paneling has a red loveseat and a black heating stove., An empty room with three paintings of animals on the wall., A wooden paneled living room with a sofa and black stove., Den with a soft and coal heater.
https://vision.cs.uiuc.edu/pascal-sentences/tvmonitor/2008_007332.jpg," A close-up of a computer sitting on a desk with a modem, keyboard, and large speakers.", A desktop computer system and loudspeaker., A desk with a computer and speaker on top., Keyboard and speaker., This is an image of someone's computer next to scissors and a soft drink on a desk.
https://vision.cs.uiuc.edu/pascal-sentences/tvmonitor/2008_007446.jpg, A man in a Ninja Turtles t-shirt repairs televisions., A man in a workshop looking at the back of two TV sets., a man with sideburns looking at backs of white TVs , A young man with long hair and sideburns in a Ninja Turtles shirt stands behind a row of computer monitors., Guy standing behind two computer monitors.
https://vision.cs.uiuc.edu/pascal-sentences/tvmonitor/2008_007916.jpg, A darkened desk with a desktop PC and a lamp., a desk lamp is turned on and showing a desktop computer , A faint glow from a lamp shows a desktop computer., Computer lit by a lamp., Laptop on a desk with a lamp 
https://vision.cs.uiuc.edu/pascal-sentences/tvmonitor/2008_007987.jpg, A computer desk displays elvis memorabilia., A computer desk with various Elvis Presley paraphernalia on it., A display of Elvis memorabilia sits in the apartment., Elvis books are displayed on a computer desk., Some pictures of Elvis on a shelf below a computer monitor.
https://vision.cs.uiuc.edu/pascal-sentences/tvmonitor/2008_008269.jpg, a computer on the floor , A Macintosh computer sitting on the floor., An Apple computer sitting on the floor., A white Apple computer sits on the beige carpeting of a bedroom., Computer keyboard and a monitor with Apple logo.
https://vision.cs.uiuc.edu/pascal-sentences/tvmonitor/2008_008439.jpg," A hotel room with a scenic view contains a modern wooden desk, a flatscreen TV, and simple yet well-designed furniture.", Apartment room overlooking the city.," A room with a chair and a tv screen, as well as a desk and desk chair.", A very neat and empty room., Hotel room overlooking city.
https://vision.cs.uiuc.edu/pascal-sentences/tvmonitor/2008_008524.jpg, A group of people in a living room.," A group of people, most likely a family siting in a living room.", A group of people posing for a picture in a living room., A large gathering of people crowd into this small living room for a photo-op.," This room is full of people sitting on the sofa, standing, and sitting on the floor."
